"","V1","V2","V3","V4","V5","V6","V7","V8","V9","V10","V11","V12","V13","V14","V15","V16","V17","V18","V19","V20","V21","V22","V23","V24","V25","V26","V27","V28","V29","V30","V31","V32","V33","V34","V35","V36","V37","V38","V39","V40","V41","V42","V43","V44","V45","V46","V47","V48","V49","V50","V51","V52","V53","V54"
"MSA","BAL","BAL","BAL","BAL","BAL","BAL","BAL","BAL","BAL","BOS","BOS","BOS","BOS","BOS","BOS","BOS","BOS","BOS","LAX","LAX","LAX","LAX","LAX","LAX","LAX","LAX","LAX","MIA","MIA","MIA","MIA","MIA","MIA","MIA","MIA","MIA","MSP","MSP","MSP","MSP","MSP","MSP","MSP","MSP","MSP","PHX","PHX","PHX","PHX","PHX","PHX","PHX","PHX","PHX"
"Urbanicity_fct","Urban","Urban","Urban","Suburban","Suburban","Suburban","Exurban","Exurban","Exurban","Urban","Urban","Urban","Suburban","Suburban","Suburban","Exurban","Exurban","Exurban","Urban","Urban","Urban","Suburban","Suburban","Suburban","Exurban","Exurban","Exurban","Urban","Urban","Urban","Suburban","Suburban","Suburban","Exurban","Exurban","Exurban","Urban","Urban","Urban","Suburban","Suburban","Suburban","Exurban","Exurban","Exurban","Urban","Urban","Urban","Suburban","Suburban","Suburban","Exurban","Exurban","Exurban"
"Affluence_fct","High","Middle","Low","High","Middle","Low","High","Middle","Low","High","Middle","Low","High","Middle","Low","High","Middle","Low","High","Middle","Low","High","Middle","Low","High","Middle","Low","High","Middle","Low","High","Middle","Low","High","Middle","Low","High","Middle","Low","High","Middle","Low","High","Middle","Low","High","Middle","Low","High","Middle","Low","High","Middle","Low"
"Tree_Min","9.845178e+03","1.618411e+04","2.467293e+04","2.136002e+04","1.404024e+04","1.233200e+04","0.000000e+00","6.434182e+03","3.710549e+06","2.649244e+03","1.622963e+04","1.231989e+04","4.964653e+04","2.285092e+04","2.149307e+04","2.542162e+05","2.225228e+05","2.923742e+05","0.000000e+00","0.000000e+00","7.280000e+02","0.000000e+00","7.440000e+02","7.836000e+03","2.556635e+04","2.874135e+05","3.959282e+05","1.789700e+04","8.404349e+03","4.329059e+03","1.938875e+04","1.369549e+04","2.037903e+04","1.998530e+05","5.361373e+05","3.565671e+08","1.666500e+04","0.000000e+00","5.413847e+03","1.978900e+04","1.634750e+00","7.776523e+04","3.380041e+01","0.000000e+00","5.871712e+04","5.624000e+03","2.481000e+03","1.207000e+03","0.000000e+00","2.756668e-01","7.720153e+03","0.000000e+00","0.000000e+00","0.000000e+00"
"Tree_Max","   514132.93","   210340.83","   232932.48"," 10917422.55","  6705191.84","   789274.65"," 35856862.09"," 39205317.46","  3710548.99","   647093.94","   356224.92","    79723.08","  9710759.50","  8923039.78","  1595781.37"," 68299436.94"," 55601598.36"," 11673888.30","   609900.16","   175366.49","    88767.55","  4306630.14","  7452421.42","   188840.00"," 50087384.37"," 19867366.79","  1462380.11","   739124.43","   873687.98","   266041.06","  9267395.25"," 14225030.24","  2353242.38","195666915.08"," 32325642.70","356567090.77","   255427.25","   218108.58","    78524.82","  3214182.69","  6015094.54","   625348.62"," 49819920.39"," 31438854.09","  1432198.34","   421033.82","   306375.00","   104373.80","  2626320.54","  1119958.02","   296717.99","  5129300.24","  2784869.56","  1204075.91"
"Tree_Mean","   138263.73","   107824.72","    89865.01","  1243329.13","   640489.81","   310735.53","  6956238.83","  6255051.65","  3710548.99","    89016.71","    91387.77","    35016.86","   972359.08","   815638.84","   267941.50","  7078052.80","  7118821.39","  2418029.37","    41978.60","    20365.50","    15083.22","   168723.07","   186173.88","    71527.17","  3643960.53","  3812588.39","   929154.16","   168731.11","   140448.56","    66818.53","   912862.58","   499281.04","   265388.51","  8890179.57","  7884049.93","356567090.77","    78100.41","    63000.69","    42574.71","   579024.45","   361827.83","   203645.04","  5639242.63","  6371443.10","   599089.06","    90944.26","    43359.62","    25711.79","   180337.42","   151840.35","    96838.68","   817666.86","   394513.51","   308343.31"
"Tree_Median","1.137346e+05","1.007510e+05","8.795948e+04","8.678309e+05","3.587331e+05","3.446871e+05","5.602440e+06","4.271001e+06","3.710549e+06","6.514176e+04","4.957440e+04","2.574280e+04","4.807076e+05","4.377501e+05","8.939652e+04","4.636968e+06","3.557591e+06","1.689401e+06","2.808000e+04","9.552000e+03","8.917518e+03","8.102382e+04","6.919218e+04","5.841054e+04","1.131013e+06","8.653212e+05","9.291542e+05","1.368783e+05","1.000674e+05","5.369494e+04","4.490308e+05","2.562637e+05","1.191088e+05","2.103712e+06","5.666393e+06","3.565671e+08","7.327867e+04","5.704348e+04","4.227062e+04","4.563985e+05","2.271563e+05","1.229267e+05","3.397384e+06","2.985242e+06","3.845533e+05","6.603410e+04","3.383100e+04","1.981700e+04","1.098636e+05","1.000811e+05","6.584925e+04","4.297402e+05","1.823973e+05","1.758460e+05"
"Tree_SD","   89240.00","   51297.49","   51038.35"," 1331672.83","  796038.35","  267617.44"," 6236293.32"," 7158079.90",NA,"   84137.00","   86644.53","   19649.27"," 1323453.34"," 1108647.81","  400939.35"," 8799876.99"," 9178621.27"," 3267630.73","   58429.07","   30373.05","   17124.43","  317527.29","  570693.05","   47343.94"," 8338780.86"," 6503522.79","  754095.38","  131807.54","  125665.50","   46314.08"," 1408463.36"," 1176687.14","  454016.20","31405501.05"," 9059926.76",NA,"   38160.94","   40817.32","   30054.02","  506901.22","  474430.02","  194552.82"," 7289640.66"," 7589485.52","  541163.08","   85597.82","   42764.31","   22957.89","  262936.94","  164134.33","   74670.57"," 1161051.73","  567730.30","  354987.18"
"Tree_IQR","  90991.57","  79301.64","  63931.65"," 958671.86"," 647528.58"," 326347.21","6524723.20","4381668.17","      0.00","  70333.34","  88343.84","  28910.31"," 984718.70"," 825204.49"," 203735.20","6636941.46","5932563.34","2098163.90","  41927.26","  20323.80","  16331.58"," 125984.33"," 133157.29","  65482.03","2290232.39","2569094.67"," 533225.96"," 150798.61"," 122645.14","  47527.64"," 797437.04"," 322153.30"," 226794.88","3321675.34","3083245.17","      0.00","  45286.34","  39305.87","  49911.79"," 481892.36"," 268043.54","  90822.85","5085307.19","7821592.06"," 669385.17","  85965.37","  39086.00","  19171.61"," 152970.12"," 146005.86","  88786.50"," 931977.66"," 455663.47"," 161610.40"
"Grass_Min","2.410000e+03","2.393471e+04","1.450236e+04","3.558744e+04","2.165378e+04","8.888000e+03","0.000000e+00","1.938802e+03","1.308984e+06","1.890000e+02","7.279674e+03","2.481000e+03","1.698600e+04","9.500000e+03","5.171000e+03","6.133289e+04","1.579223e+05","1.606559e+05","3.110380e+04","1.816981e+04","2.004800e+04","8.224025e+03","2.983043e+04","4.980902e+04","9.183154e+04","1.329220e+06","4.097653e+07","1.829439e+04","1.815423e+04","1.209541e+04","6.196347e+04","6.403649e+04","2.703089e+04","5.252790e+05","1.632427e+06","1.595815e+08","3.368633e+04","6.217715e+01","3.190162e+04","1.161797e+05","3.411165e+02","1.276297e+05","1.423099e+02","3.136281e+05","2.434822e+05","6.828000e+03","4.625000e+03","1.189000e+03","0.000000e+00","6.858759e-01","6.218000e+03","0.000000e+00","0.000000e+00","0.000000e+00"
"Grass_Max","1.100132e+06","1.378398e+05","1.626333e+05","3.483105e+06","3.633090e+06","7.214872e+05","9.786037e+07","5.230294e+07","1.308984e+06","3.640118e+05","4.226873e+05","5.456117e+04","3.231807e+06","1.799192e+06","4.990184e+05","1.319104e+07","8.580371e+06","7.658907e+06","8.635749e+05","5.916816e+05","4.319324e+05","1.067406e+07","3.537901e+07","1.081080e+06","3.245072e+08","2.301669e+08","5.314684e+07","1.645063e+06","1.076212e+06","5.850007e+05","2.283033e+07","6.226276e+06","2.835465e+06","1.516202e+09","1.664445e+08","1.595815e+08","4.576334e+05","3.420374e+05","2.000704e+05","4.652489e+06","2.351452e+07","1.386297e+06","1.929458e+08","1.005858e+08","1.729126e+06","7.009750e+05","1.754780e+05","1.151840e+05","8.325143e+06","4.915507e+06","1.646996e+06","1.386275e+07","2.223582e+07","1.108673e+07"
"Grass_Mean","   103310.62","    80178.37","    67981.12","   584512.51","   369713.36","   214309.55","  7479477.13"," 10355371.27","  1308983.80","    43441.90","    62112.08","    19481.12","   333158.99","   291020.22","   114584.81","  1901343.95","  1602287.17","  1203573.09","   175196.14","   138076.24","   115358.18","   580356.86","   811601.13","   280783.23"," 19142517.25"," 41185501.39"," 47061683.54","   297225.61","   235024.69","   110594.58","  1345477.64","   759144.75","   464568.91"," 53323692.82"," 26794323.05","159581462.31","   113458.92","   114466.71","    93553.49","  1117647.39","   786848.72","   444006.31"," 18688378.79"," 24267794.69","   956712.01","    81640.16","    41127.58","    28703.19","   245732.45","   249891.11","   173805.66","  3221263.71","  4092511.47","  3043242.05"
"Grass_Median","    80524.93","    76875.37","    70429.23","   365146.12","   232371.59","   151581.75","  4793185.47","  5160159.79","  1308983.80","    32711.83","    20967.21","    12723.91","   188984.58","   191284.40","    53391.66","  1225070.05","  1008185.43","   434136.49","   146434.88","   111797.49","    97099.59","   283757.08","   267270.20","   247855.39","  7872611.01"," 10776963.90"," 47061683.54","   192569.88","   155879.38","    82821.92","   557199.76","   421956.76","   318404.06","  7046203.56"," 10428134.21","159581462.31","    99190.33","    96221.51","    98190.21","   805876.92","   411033.97","   302623.07","  9164215.89","  9907407.96","   841520.18","    55943.00","    37030.63","    25181.90","    85087.06","   101666.54","    72428.99","  1680189.11","  1713363.02","   560565.18"
"Grass_SD","   124689.05","    29435.70","    40289.32","   598698.95","   431259.40","   217770.39"," 11423429.97"," 14050690.80",NA,"    41312.38","    96040.20","    15387.85","   409521.95","   299849.05","   132518.11","  2128491.49","  1663249.89","  2175674.47","   109619.50","   115034.84","    86647.24","  1018201.79","  2788634.94","   232947.70"," 41963102.99"," 66525612.75","  8605704.33","   289174.43","   212046.20","    92606.42","  2432010.66","   959874.52","   563032.19","244209244.73"," 49540402.97",NA,"    59653.11","    68639.74","    57717.30","   932877.03","  1688188.71","   427144.53"," 25537971.94"," 26858992.81","   651647.43","    99439.60","    30128.82","    23992.48","   743830.33","   542440.80","   300401.63","  4194196.09","  5445850.61","  4303129.66"
"Grass_IQR","   49543.641","   44114.066","   59093.606","  481743.112","  291216.477","  209951.941"," 8113503.890","10169865.945","       0.000","   38235.839","   39619.727","   17449.513","  320725.118","  300486.189","  151707.528"," 1737494.717"," 1724953.478","  792932.906","  110092.170","   76731.630","   82336.873","  380925.822","  392081.370","  276640.140","16592137.222","31246400.105"," 6085151.891","  242945.520","  240993.017","   88156.592"," 1164432.936","  613052.234","  244962.314","18747496.545","11623611.458","       0.000","   59296.238","   75209.901","   76812.161"," 1075924.261","  509838.287","  157218.596","20449303.020","37224865.815"," 1102067.825","   67740.416","   36731.456","    8867.069","  167715.790","  176794.719","  167760.415"," 3849666.183"," 5822387.913"," 3307216.612"
"Perc_Tree_Min","7.433240e+00","1.427366e+01","2.097298e+01","1.344727e+01","5.718670e+00","6.606866e+00","0.000000e+00","1.718159e-02","6.734450e+01","4.641772e+00","1.150042e+01","1.051876e+01","1.747703e+01","6.315091e+00","1.147314e+01","2.220341e+01","2.395404e+01","4.201841e+01","0.000000e+00","0.000000e+00","4.469167e-01","0.000000e+00","3.774485e-01","2.622881e+00","1.103681e+00","1.932320e-01","3.718909e-01","2.590587e+00","2.419487e+00","2.506096e+00","2.644940e+00","2.097941e+00","1.902990e+00","4.095175e+00","1.386014e+01","1.503518e+01","8.122819e+00","0.000000e+00","2.741736e+00","1.695681e+00","4.975380e-05","9.673778e+00","3.839906e-04","0.000000e+00","7.823907e+00","1.743748e+00","7.955700e-01","7.304927e-01","0.000000e+00","1.006681e-05","2.595999e+00","0.000000e+00","0.000000e+00","0.000000e+00"
"Perc_Tree_Max","63.88135","44.52749","48.65548","85.89751","81.96642","69.78195","87.66375","67.48390","67.34450","66.86352","47.92911","28.61587","81.62400","87.35356","67.87549","89.60393","90.21619","70.29690","35.74124","19.54587","13.83005","40.51577","29.43089","19.91523","28.36013","13.17259"," 1.32825","53.42294","41.53994","37.18383","73.54382","54.58324","41.52681","41.13635","44.72717","15.03518","44.25673","33.98617","22.49133","56.60949","56.69117","19.96727","44.44097","40.58665","33.52674","23.80464","21.64966","11.42114","27.84917","27.37495","18.61291","18.52955","18.37787","24.03437"
"Perc_Tree_Mean","35.8119611","31.5554407","32.1926245","51.8141355","39.6285530","31.3276491","47.2179986","39.9144631","67.3444995","31.2288413","26.8543013","21.8779373","51.4371252","47.1251091","32.7586217","66.2141507","63.2632975","52.6878615"," 8.5129385"," 5.3371944"," 5.0694466","11.8287606","10.0747062","10.5824191"," 8.9577012"," 5.1827680"," 0.8500703","18.1596330","17.9004115","14.7369328","23.1306553","19.0650135","15.1629135","17.6122737","23.1972118","15.0351753","23.3942060","18.6281321","12.9890963","25.2206876","24.0407973","16.5843746","21.4578709","18.3026699","22.2627586","10.6891231"," 7.1546531"," 5.8072938","12.2005097","10.0747760"," 9.1704480"," 5.1800300"," 3.1598686"," 6.9182626"
"Perc_Tree_Median","35.0574210","32.2344831","29.4371085","52.1296042","38.3918676","28.5041901","48.5905757","37.2994274","67.3444995","30.0363978","24.7147712","24.5300633","52.2411351","47.8615237","32.4482315","67.6647462","63.4353886","49.7698326"," 7.2399679"," 3.7278799"," 4.1053473","10.1973419"," 9.1676222","10.5895271"," 7.8992091"," 3.3155530"," 0.8500703","15.2424542","15.4377874","13.4780674","21.3040308","17.7928154","13.0079934","16.9095060","21.7984388","15.0351753","23.3430589","18.1699804","12.4042100","24.4545546","23.9125791","17.6435573","21.2431796","17.7134057","25.2694212","10.1551367"," 6.3464973"," 6.3786752","10.9707184"," 9.5392568"," 9.1086917"," 3.1961395"," 2.3610157"," 3.0113119"
"Perc_Tree_SD","10.6926580"," 8.2028583"," 7.9936463","13.3896224","13.5761406","16.4426586","16.4117301","16.5114782",NA,"11.7074463"," 8.8742587"," 5.8372403","13.3947462","13.3617883","14.9747013","11.0747327","12.3324088","10.0897296"," 6.8093321"," 4.9813873"," 3.6735097"," 7.8714605"," 5.9719411"," 4.9527651"," 5.8714003"," 4.2896016"," 0.6762477","10.4923066"," 9.0054258"," 6.9615260","12.5391249"," 9.5934612"," 9.5054884"," 8.0684729"," 9.1456862",NA," 5.7501914"," 6.2672357"," 6.3065657","11.7022025","10.7940626"," 3.3356761"," 9.4483427"," 9.8997917","10.8486052"," 5.4499275"," 4.6038589"," 3.0499121"," 6.9658268"," 5.4422596"," 3.6767994"," 5.0952037"," 3.7075828"," 7.7731207"
"Perc_Tree_IQR","11.7845969","13.6698021","12.8793048","21.2228398","17.0052260","12.6405653","21.3726928","24.5642821"," 0.0000000","17.4670950","10.9509169"," 8.2849394","21.0836455","17.8133701","20.4770663","15.3624603","16.1345681","15.6251956"," 8.7201951"," 7.9168702"," 4.9621891","10.7456285"," 8.5611430"," 8.3316793"," 4.7036933"," 6.0779787"," 0.4781793","11.8163489","12.4175208","10.1669596","17.4723504","13.8313393"," 9.3753499","11.6061346"," 8.1257912"," 0.0000000"," 7.0277991"," 8.4776494"," 4.7753300","13.5112921","15.1037326"," 2.0351743","13.9356315","15.2261640","16.8670849"," 8.2877846"," 5.4540096"," 3.5232004","11.6098039"," 7.5383669"," 4.5363832"," 8.0705274"," 3.4826048"," 8.8927986"
"Perc_Grass_Min","2.266884e+00","1.435017e+01","1.073898e+01","7.913601e+00","8.819713e+00","4.761742e+00","0.000000e+00","5.177299e-03","2.375736e+01","6.204282e-01","5.925550e+00","2.198855e+00","7.848981e+00","5.330129e+00","4.087188e+00","4.626178e+00","6.396732e+00","1.351706e+01","1.311111e+01","1.615341e+01","1.467449e+01","4.855613e+00","1.447938e+01","1.941508e+01","2.196128e+01","7.841906e+00","3.721814e+01","5.877534e+00","7.087583e+00","7.259982e+00","5.829221e+00","6.557469e+00","1.813035e+01","1.140264e+01","3.631203e+01","6.728987e+00","1.893261e+01","2.790116e-02","1.865571e+01","1.558804e+01","1.038192e-02","1.985276e+01","1.616716e-03","1.823786e+01","3.244339e+01","2.117054e+00","1.975512e+00","7.195988e-01","0.000000e+00","2.504684e-05","2.573577e+00","0.000000e+00","0.000000e+00","0.000000e+00"
"Perc_Grass_Max","55.837580","35.518422","29.748287","57.027991","46.441436","32.140139","74.819240","77.876133","23.757363","36.438575","38.991171","20.213034","43.848208","73.488643","29.460522","56.898646","47.326947","32.652575","76.346269","90.167312","87.190967","86.442979","66.183300","55.140011","68.964267","72.203791","49.920226","51.360631","50.601298","44.979882","62.593376","56.725190","55.794824","68.432688","72.900106"," 6.728987","50.487542","57.916373","41.452836","73.757499","79.857640","56.396211","90.224843","87.309841","48.171246","52.687876","25.741652","15.290130","57.972376","62.414742","44.718107","42.073298","48.676379","57.378992"
"Perc_Grass_Mean","24.210433","24.586792","23.207564","24.513374","25.865329","20.424479","40.707937","47.630656","23.757363","14.899802","13.691086","11.003023","20.410271","19.571183","15.966332","19.023759","17.956343","22.077949","39.062835","42.558952","40.806095","39.773545","38.239643","36.277126","51.685924","38.964720","43.569181","27.485482","26.203534","22.091169","31.709607","30.959887","30.707394","52.524707","54.149436"," 6.728987","33.773364","33.427333","30.133189","43.838999","40.369775","36.891340","58.502616","61.041912","38.395609"," 9.524857"," 7.126456"," 6.937274","10.801524","11.313062","11.667263","15.626960","20.524186","22.567241"
"Perc_Grass_Median","23.845154","23.980792","23.934769","24.085009","25.447676","19.431465","40.026671","41.678821","23.757363","14.171983","11.520032","10.522867","19.352483","18.455876","15.606637","17.197129","16.119610","22.058351","38.672553","39.944326","37.124441","39.647815","37.105788","37.507545","53.631242","36.384893","43.569181","26.925636","25.103418","20.625642","30.598398","30.575905","28.740823","54.155898","51.643682"," 6.728987","33.569852","32.958243","32.313986","44.578590","38.368691","33.055256","58.671922","63.741497","37.897392"," 8.232024"," 6.530285"," 6.210282"," 9.875608"," 9.444741"," 9.288775","15.136856","19.709395","17.703538"
"Perc_Grass_SD"," 7.022661"," 5.347159"," 4.827225"," 8.316734"," 7.120355"," 7.379842","17.059856","19.878189",NA," 5.602821"," 7.005281"," 4.691789"," 6.624778"," 7.626317"," 7.534830"," 8.264006"," 7.974240"," 5.092895","10.131701","16.685027","17.662580","12.076089","10.782683","10.072412","12.057808","18.797395"," 8.981734","10.581612","10.289485"," 8.920185","11.688295"," 9.142454"," 8.796536","11.816935","11.805689",NA," 5.909993"," 8.090785"," 7.439886","10.942856","11.175759","12.223146","13.007635","14.599034"," 5.700623"," 6.143842"," 3.991082"," 3.802009"," 6.896915"," 7.617386"," 8.790134","11.517061","15.414970","17.915894"
"Perc_Grass_IQR"," 6.576141"," 7.354740"," 6.197393","10.548631"," 9.253128"," 6.784111","26.243688","33.529199"," 0.000000"," 7.012040"," 5.122451"," 7.698014"," 7.870472"," 7.202955","11.411198"," 8.770016"," 9.823407"," 5.468582","12.666042","16.121365","13.821612","15.486126","16.249372","14.152453","18.101303","29.527291"," 6.351045","14.462058","15.417310","12.711762","13.468731","12.554408"," 5.632295","15.176276","14.106069"," 0.000000"," 7.322550"," 6.639492","10.064262","14.744822","14.214296","11.433330","15.072069","17.945749"," 5.809391"," 6.710430"," 5.583107"," 3.924108"," 6.900922"," 6.695519","11.391123","16.918148","23.837353","21.528461"
"NP_T_Min","    72","    70","    62","    57","    79","   138","     0","    97","   612","    16","    51","    47","    83","    69","    51","   126","   123","   246","     0","     0","     3","     0","     5","    33","    65","   743","  1202","    70","    47","    32","   133","    76","    52","   571","  1249","185318","   148","     0","    43","   276","     1","   296","     9","     0","   407","   219","   137","    68","     0","     2","   270","     0","     0","     0"
"NP_T_Max","   854","   353","   409","  3757","  4341","   823","  6581","  7615","   612","   410","   735","   227","  2103","  1933","   472","  8620","  4025","  3195","   463","   369","   230","  4221","  9275","   367"," 45935"," 27673","  2821","  1791","  1150","   620","  6558","  5252","  2241","184197"," 36482","185318","   925","   724","   393","  4931","  6210","  1223"," 49722"," 34484","  1853"," 22181"," 10034","  4791","251113"," 60834"," 23446","245390"," 83189","123975"
"NP_T_Mean","   239.87640","   198.71875","   170.83333","   807.44131","   673.96825","   449.81818","  2465.20710","  2182.33333","   612.00000","   155.45161","   187.95238","   104.59091","   412.93796","   406.38431","   199.52632","  1303.40341","  1108.29114","   765.18182","    99.38117","    63.06122","    51.67500","   252.66489","   327.72947","   170.36364","  3511.21212","  5804.69231","  2011.50000","   436.09774","   348.56164","   203.80000","  1147.94118","   776.82927","   457.51515"," 10235.31579"," 10486.30000","185318.00000","   332.24260","   304.40244","   240.50000","  1331.34286","   863.96109","   623.85714","  6536.32787","  6367.78667","   982.16667","  4210.06870","  2696.02469","  1248.63158","  7041.29139","  7219.61441","  5817.93750"," 44346.00000"," 18778.09091"," 24031.22222"
"NP_T_Median","   220.0","   197.0","   155.0","   607.0","   547.0","   426.0","  2142.0","  1537.5","   612.0","   139.5","   112.0","    86.5","   293.5","   310.0","   143.0","   932.0","   895.0","   360.0","    87.0","    41.0","    38.0","   175.0","   196.0","   173.5","  1689.5","  2942.0","  2011.5","   346.0","   290.0","   188.0","   720.0","   465.0","   289.0","  3369.5","  6748.5","185318.0","   318.0","   278.0","   247.0","  1061.0","   694.0","   563.0","  4659.0","  3992.0","   944.0","  3442.0","  1778.0","  1223.0","  4018.0","  4222.0","  3813.5"," 26893.0","  9715.0"," 12565.0"
"NP_T_SD","  132.05946","   67.00324","   93.73884","  661.93348","  527.72909","  214.69365"," 1549.50315"," 1615.24486",NA,"   75.19000","  167.81909","   52.52633","  346.49363","  304.31305","  131.57270"," 1124.16241","  795.07660","  910.70015","   75.74015","   72.54005","   43.47967","  322.56229","  728.95167","   86.86911"," 6598.38368"," 8427.91157"," 1144.80588","  298.23076","  234.15118","  105.61971"," 1112.92889","  810.81946","  466.88677","29539.56543","10097.79707",NA,"  109.29098","  125.62553","  147.55628","  951.91330","  652.99371","  313.17909"," 6497.76249"," 6537.83839","  545.84372"," 3972.19296"," 2430.21796"," 1079.73316","20767.81689"," 9149.61587"," 5778.19413","57663.44490","21998.67621","39309.51731"
"NP_T_IQR","  107.00","   73.75","  118.25","  723.00","  438.00","  279.00"," 2011.00"," 2137.25","    0.00","   91.75","  146.00","   59.75","  322.75","  320.50","  178.50"," 1120.25"," 1082.00","  414.00","   90.50","   68.00","   42.50","  173.25","  209.00","   99.75"," 2442.00"," 3665.00","  809.50","  291.00","  244.00","  116.25","  992.00","  600.50","  367.00"," 5210.75"," 7800.75","    0.00","  118.00","  153.25","  240.00","  929.50","  548.00","  257.50"," 5150.00"," 7628.00","  680.75"," 5115.00"," 3233.00","  950.50"," 5086.00"," 5493.75"," 5406.00","58376.50","26254.00","20053.00"
"MPA_T_Min","9.549558e-03","2.312015e-02","2.400804e-02","1.128792e-02","4.875082e-03","7.169770e-03","0.000000e+00","6.633177e-03","6.062989e-01","1.171861e-02","1.450999e-02","1.810385e-02","2.577301e-02","2.755097e-02","1.603960e-02","1.251987e-01","4.989300e-02","1.051706e-01","0.000000e+00","0.000000e+00","1.521636e-02","0.000000e+00","1.488000e-02","2.215053e-02","2.938497e-02","2.117771e-02","3.293912e-02","9.033665e-03","1.415487e-02","9.887234e-03","1.184476e-02","9.385861e-03","1.125981e-02","2.879222e-02","4.073856e-02","1.924082e-01","9.802941e-03","0.000000e+00","1.216860e-02","6.685473e-03","1.634750e-04","1.936252e-02","3.755601e-04","0.000000e+00","1.442681e-02","7.308665e-04","5.174659e-04","1.094615e-03","0.000000e+00","1.378334e-05","1.118120e-03","0.000000e+00","0.000000e+00","0.000000e+00"
"MPA_T_Max","0.264035724","0.097832945","0.101717239","1.003966930","1.159910686","0.332137326","2.650809646","1.146689601","0.606298855","0.599161051","0.108451248","0.072243792","1.153972942","1.379140615","0.466602740","3.602290978","5.177057576","0.978589107","0.153241245","0.047524795","0.041859842","0.287617947","0.115717188","0.074456583","0.219687497","0.079577796","0.051839068","0.288458302","0.110528070","0.085903788","0.703747613","0.345771275","0.259414386","0.366311227","0.203969320","0.192408234","0.064027300","0.042362071","0.020343218","0.179394426","0.177328262","0.051132348","0.220299370","0.416463824","0.098496936","0.006566577","0.008763435","0.007092181","0.008001406","0.010644446","0.005187176","0.005162080","0.056706772","0.161341618"
"MPA_T_Mean","0.062842810","0.054438290","0.056423104","0.198545622","0.100520959","0.076893638","0.292559153","0.281113089","0.606298855","0.058572245","0.051777323","0.034495997","0.204359717","0.173709135","0.107880475","0.550303540","0.652188864","0.327765915","0.034875053","0.024875295","0.025188160","0.052722903","0.043373934","0.040078092","0.075585801","0.050499829","0.042389093","0.045647307","0.041088722","0.033220520","0.079126063","0.058867251","0.053600362","0.075549699","0.076734269","0.192408234","0.022976384","0.019638174","0.016719104","0.046441123","0.040639147","0.028929106","0.075892481","0.083468952","0.053655856","0.002565392","0.002076941","0.002294068","0.002948463","0.002527330","0.002176181","0.001430653","0.006337575","0.021717284"
"MPA_T_Median","0.051005840","0.048614467","0.055065589","0.142247914","0.062855532","0.059295956","0.237935638","0.200752060","0.606298855","0.043820753","0.045974808","0.031648848","0.161739150","0.138738725","0.060042785","0.459345641","0.428851690","0.214389566","0.029760714","0.023922124","0.023185798","0.043868684","0.039291322","0.039027926","0.066257352","0.044079140","0.042389093","0.032197601","0.034649935","0.027626251","0.058282289","0.046545033","0.035599987","0.056689267","0.057269757","0.192408234","0.021614454","0.018192243","0.017712026","0.040195002","0.032832575","0.026272037","0.070516551","0.070732785","0.052397258","0.002389059","0.001739001","0.001805116","0.002847506","0.002304500","0.001901377","0.001493861","0.001207022","0.001238308"
"MPA_T_SD","0.039965935","0.021581619","0.023267987","0.167328585","0.127583181","0.091063072","0.267309684","0.228569288",NA,"0.054994138","0.025242138","0.012425512","0.157468299","0.148763137","0.111869015","0.391578850","0.800966693","0.264621882","0.019856423","0.008998735","0.006977815","0.034124177","0.021097909","0.012434170","0.036850908","0.020868423","0.013364283","0.043357168","0.020996675","0.016053457","0.090218130","0.045209580","0.053582894","0.059699340","0.051570726",NA,"0.007275310","0.007455544","0.003198518","0.030065301","0.027228031","0.010511392","0.036315349","0.060193795","0.031123977","0.001242144","0.001406981","0.001428297","0.001362240","0.001291885","0.000992900","0.001103780","0.014071078","0.053027130"
"MPA_T_IQR","0.0331160715","0.0369812834","0.0359760783","0.1999348346","0.0709064677","0.0572731955","0.2165876518","0.2484982668","0.0000000000","0.0407288232","0.0282794721","0.0145990473","0.1720289011","0.1306395185","0.0749513632","0.3608921495","0.4055420217","0.2207664703","0.0171761738","0.0129179487","0.0088278790","0.0344647772","0.0220564244","0.0161440948","0.0401292685","0.0344925986","0.0094499751","0.0245815718","0.0278239468","0.0191001749","0.0577460027","0.0426976791","0.0324199287","0.0371160346","0.0385996774","0.0000000000","0.0086388263","0.0072033660","0.0046605603","0.0298163813","0.0258845396","0.0054658449","0.0475468646","0.0519131118","0.0392571946","0.0015310439","0.0012632670","0.0007790123","0.0014249655","0.0015027480","0.0011377915","0.0010779044","0.0010576858","0.0012814779"
"CV_T_Min"," 120.89628"," 224.66098"," 225.17586"," 187.32939"," 151.64880"," 102.18222","   0.00000"," 186.29304","2258.98415"," 110.22895"," 175.69404"," 116.68971"," 130.78210"," 166.67883"," 213.00869"," 606.51338"," 499.44641"," 360.71079","   0.00000","   0.00000","  19.50720","   0.00000","  32.41742","  68.51350"," 104.90499"," 121.95701"," 198.00828"," 105.82841"," 113.58377","  99.38228","  97.49533","  91.26977"," 109.51975"," 178.10253"," 231.13029","4215.93395"," 112.87089","   0.00000"," 118.25313"," 141.87187","   0.00000"," 161.47523","  59.80990","   0.00000"," 148.96451"," 108.99310"," 101.08196","  98.97041","   0.00000","  75.68940"," 157.96675","   0.00000","   0.00000","   0.00000"
"CV_T_Max","1213.8258","1055.3328"," 880.6200","4519.9390","3347.9334","1311.2571","6353.7108","3862.9746","2258.9841","1072.1458","1010.2671"," 469.3820","3865.8594","3979.2047","1552.3834","7471.9601","4659.2533","2657.1958"," 648.7152"," 270.0977"," 294.6569"," 910.3690","1035.8800"," 434.0241","2117.7688"," 607.0690"," 295.5212","1853.9057","1460.6914"," 710.6525","4993.3336","4028.1565","1188.8209","2527.2034","3122.3394","4215.9340"," 670.4796"," 729.0613"," 220.3451","2270.5423","2299.2816"," 497.8062","3076.4838","3847.4642","1298.8022"," 852.0569","1137.0138"," 403.6453","1433.8727","1874.6096","2329.8955"," 968.8303","1898.6521"," 603.5875"
"CV_T_Mean"," 531.89118"," 446.38196"," 416.61673","1438.62729","1011.21205"," 678.89733","2615.09666","2052.32829","2258.98415"," 377.98162"," 316.93331"," 237.87411","1097.08183"," 998.99238"," 542.84010","2531.40593","2090.82726","1269.50612"," 123.25554","  73.77142","  91.60144"," 214.44728"," 177.05298"," 153.98976"," 445.36722"," 282.03382"," 246.76472"," 304.20109"," 294.39801"," 198.06471"," 609.82357"," 505.40360"," 349.23557"," 790.53173","1230.58288","4215.93395"," 215.54696"," 202.79898"," 163.81441"," 651.95157"," 459.78302"," 300.84407","1118.50872","1109.65372"," 709.68589"," 321.60948"," 281.24236"," 229.19337"," 354.21103"," 383.08314"," 407.15826"," 358.18974"," 361.29879"," 320.17210"
"CV_T_Median"," 461.27444"," 366.87199"," 347.72806","1318.53648"," 887.97329"," 702.41083","2445.35388","1990.54373","2258.98415"," 323.85624"," 267.36075"," 201.98241"," 954.19130"," 916.00365"," 303.89661","2298.49362","1823.30032","1175.06586","  99.97885","  68.60097","  75.32373"," 169.70030"," 144.12936"," 133.11230"," 400.74611"," 215.77533"," 246.76472"," 217.82419"," 223.59199"," 174.60004"," 414.85097"," 332.19257"," 233.51162"," 631.28547"," 755.43781","4215.93395"," 188.11328"," 168.14663"," 154.61346"," 559.63916"," 342.51710"," 321.60865","1062.57271","1045.37023"," 713.48090"," 295.94349"," 248.19039"," 221.78514"," 329.61590"," 338.76012"," 309.12499"," 370.48493"," 259.96503"," 303.07390"
"CV_T_SD"," 261.50484"," 212.73896"," 204.52218"," 721.91564"," 625.33183"," 393.25673","1242.02009"," 918.60553",NA," 206.85667"," 182.66007","  90.89504"," 691.82332"," 607.34672"," 462.55671","1058.63678","1008.75734"," 689.12407","  81.63496","  42.70457","  58.52060"," 156.85105"," 127.17945","  84.52073"," 314.25662"," 164.69553","  68.95202"," 257.02435"," 217.69777","  89.51233"," 669.87945"," 493.65221"," 290.94991"," 538.10334","1034.31493",NA,"  90.81555"," 105.46241","  37.56431"," 383.00403"," 347.03612"," 120.40022"," 500.21041"," 612.17773"," 427.98478"," 158.36600"," 156.04596","  73.20229"," 196.75241"," 243.99823"," 384.03602"," 264.46552"," 347.94743"," 167.27738"
"CV_T_IQR"," 342.63887"," 286.40818"," 182.79245"," 854.75089"," 787.23094"," 635.36242","1717.34795"," 994.25628","   0.00000"," 287.83867","  95.03835","  75.50917"," 854.60573"," 792.62348"," 325.87296","1412.60533","1274.84503"," 729.09824","  72.99954","  46.33015","  51.01561"," 144.72842"," 112.09025","  72.64300"," 289.34475"," 199.52471","  48.75644"," 151.73750"," 133.81849","  68.03203"," 467.75866"," 417.60656"," 225.46041"," 500.27347"," 648.68288","   0.00000","  75.86114","  83.09236","  49.11398"," 469.54655"," 362.52488"," 150.80801"," 498.67900"," 787.55302"," 540.78239"," 180.25378"," 166.36156","  73.31329"," 209.63022"," 196.12915"," 179.74009"," 323.82944"," 244.49903"," 136.27908"
"PAratio_T_Min"," 5965.930"," 5844.143"," 5636.490"," 5570.407"," 5374.928"," 6253.975","    0.000"," 5987.329","10145.058"," 5015.009"," 4851.881"," 5138.532"," 4650.186"," 4766.714"," 5124.750"," 5840.966"," 6289.421"," 5441.006","    0.000","    0.000"," 3925.885","    0.000"," 3815.123"," 3953.756"," 3956.210"," 4161.555"," 4695.417"," 4456.297"," 4557.103"," 4308.383"," 4357.481"," 4269.894"," 4509.892"," 4494.446"," 4981.362"," 4539.297"," 6741.545"," 7040.511"," 7250.973"," 6437.566"," 6354.947"," 6811.228"," 7027.803"," 5841.964"," 7611.628","15431.388","15371.804","14853.625","    0.000","14364.179","17332.450","    0.000","    0.000","    0.000"
"PAratio_T_Max"," 14166.337","  9347.898","  8926.083"," 16507.041"," 14096.594"," 12130.003"," 52909.388"," 34130.872"," 10145.058"," 10875.365"," 19010.395","  8255.153"," 17808.657"," 16401.779","  9891.392"," 19511.989"," 16162.744"," 10108.110","  8244.587","  6303.346","  5790.286"," 16783.355","  7589.012","  5015.550","  5411.979","  5820.350","  4953.916","  7603.062","  6249.978","  6619.563","  6742.077","  6784.050","  6757.552","  6196.579","  5724.920","  4539.297","  9923.406"," 44716.387","  9081.728"," 12312.808","160584.487","  8872.609"," 64038.283","  9744.646","  9285.891"," 32115.385"," 34302.939"," 27705.815","649711.622","233716.999"," 49016.621","543378.741","249655.164"," 68192.773"
"PAratio_T_Mean"," 8011.695"," 7194.258"," 7185.166"," 8675.715"," 8616.540"," 8849.428"," 8716.049"," 9474.110","10145.058"," 7007.303"," 7181.194"," 6513.724"," 7604.416"," 7122.652"," 6557.110"," 8516.402"," 8244.302"," 7591.005"," 4658.509"," 4634.340"," 4781.306"," 4789.300"," 4653.199"," 4529.258"," 4635.457"," 4774.462"," 4824.666"," 5348.710"," 5237.838"," 5325.406"," 5259.767"," 5265.473"," 5247.577"," 5365.730"," 5410.210"," 4539.297"," 8171.081"," 8753.285"," 8088.409"," 8618.924"," 8658.321"," 7919.506"," 9328.575"," 8447.840"," 8396.369","23558.968","24011.279","22790.577","30975.456","26535.329","25702.399","38657.592","39044.323","25933.514"
"PAratio_T_Median"," 7868.204"," 7028.634"," 7130.456"," 8358.992"," 8645.391"," 8664.808"," 8307.990"," 8234.450","10145.058"," 6940.780"," 6394.844"," 6426.911"," 7351.112"," 6991.542"," 6205.432"," 8242.376"," 8046.579"," 7053.321"," 4620.422"," 4663.938"," 4760.242"," 4627.881"," 4573.924"," 4574.537"," 4624.939"," 4649.313"," 4824.666"," 5279.715"," 5229.288"," 5318.042"," 5238.430"," 5253.539"," 5093.137"," 5328.111"," 5393.135"," 4539.297"," 8101.368"," 8396.902"," 8042.630"," 8581.543"," 7894.228"," 7887.844"," 8770.697"," 8510.938"," 8253.290","24545.211","23321.480","23115.682","24405.587","24801.240","26513.983","25882.807","26000.655","26819.750"
"PAratio_T_SD"," 1235.6569","  809.0931","  930.0590"," 1889.7053"," 1389.2677"," 1590.0675"," 4426.6758"," 5192.3366",NA," 1039.4943"," 2935.2919","  768.9371"," 1495.4045"," 1416.4544"," 1144.9996"," 1851.8319"," 1568.8272"," 1464.9067","  567.6686","  789.1490","  422.1744","  941.1184","  497.2912","  335.1892","  258.3840","  473.1307","  182.7865","  443.5007","  358.9924","  416.5214","  404.4349","  418.0090","  509.1275","  333.1530","  244.9221",NA,"  624.2584"," 4060.8623","  692.3433","  951.2477"," 9558.8286","  757.5319"," 5276.4920","  714.1714","  581.3191"," 5011.4497"," 5114.6785"," 3796.2796","53782.0247","21310.3520"," 5869.4358","81759.7292","54996.2927","19345.1651"
"PAratio_T_IQR"," 1363.1013"," 1164.8961"," 1164.9479"," 1969.0272"," 1581.9372"," 1669.0453"," 2650.2419"," 2646.6802","    0.0000"," 1171.2920"," 1315.1384","  865.4539"," 1702.7527"," 1369.7736","  807.8455"," 1250.5837"," 1320.0624"," 1950.5631","  485.5657","  443.6595","  526.2141","  614.3244","  472.0354","  497.5075","  255.9496","  610.6563","  129.2496","  522.2975","  424.0045","  460.2837","  484.1740","  512.2358","  668.1091","  288.9097","  359.2236","    0.0000","  817.0709","  748.7951"," 1072.3328"," 1270.2187"," 1127.7026"," 1137.1546","  745.9131","  780.3624","  520.8001","10287.4755"," 8262.3096"," 6109.5698"," 6605.4198"," 6926.8765"," 4085.9073"," 3873.6709"," 3137.0442"," 6644.6114"
"NP_G_Min","    49","   135","   123","   151","   104","    66","     0","    41","   848","     9","   149","    54","   189","   126","   138","   359","   589","   563","     1","     2","     1","     3","    13","    40","   123","   743","  9733","   133","   114","    36","   173","    59","    70","   195","   255","175256","    60","     8","    55","    35","     8","    57","    34","   255","   268","   573","   420","   159","     0","     3","   554","     0","     0","     0"
"NP_G_Max","    850","    650","    521","   4074","   3183","   1069","   6999","   4998","    848","   2442","    967","   1129","   7113","   6324","   1452","  21478","  13826","   6847","    575","    294","    190","   3474","   6249","    433","  39572","  72411","  14382","   2978","   1306","    984","  10467","   9196","   1712","  77857","  11843"," 175256","    414","    378","    290","   2093","   2411","    914","   7513","   4844","    795","  20043","  10426","   4811","1790111"," 207587","  18150","1967627","1835787"," 184046"
"NP_G_Mean","   382.7079","   348.9688","   265.1667","  1047.4507","   666.9630","   484.8182","  1817.7811","  1448.0833","   848.0000","   717.8978","   514.3810","   281.3636","  1535.6715","  1298.4863","   498.7895","  3869.7045","  3544.0127","  2406.0000","   149.3991","    88.4898","    66.0250","   297.6702","   380.9324","   215.2727","  4041.5303"," 14599.5385"," 12057.5000","   609.0526","   509.1370","   312.2500","  1404.3697","  1095.4268","   652.7879","  5025.4474","  3859.4000","175256.0000","   192.8698","   173.7439","   166.8750","   513.4714","   387.7354","   324.2857","  1390.1803","  1237.3600","   547.1667","  4291.1221","  2761.1111","  1808.6316"," 21420.7152"," 11333.2203","  5724.0625","238565.1915","155148.3333"," 43707.8889"
"NP_G_Median","   372.0","   340.0","   216.5","   964.0","   541.0","   331.0","  1532.0","  1164.5","   848.0","   620.5","   470.0","   222.5","  1208.0","  1034.0","   433.0","  2889.5","  2443.0","  1486.0","   133.0","    73.0","    56.0","   222.5","   248.0","   199.5","  1711.0","  4258.0"," 12057.5","   479.0","   438.0","   280.0","   940.0","   720.5","   575.0","  2109.0","  3270.5","175256.0","   187.0","   161.5","   155.0","   413.0","   317.0","   298.0","  1119.0","  1056.0","   549.5","  3672.0","  2326.0","  1941.0","  5836.0","  5561.5","  3835.5"," 49105.0"," 36622.0"," 23829.0"
"NP_G_SD","   144.69436","   114.39222","   115.11235","   607.14195","   492.36077","   330.99360","  1180.01154","  1038.92401",NA,"   455.54026","   256.98784","   248.75797","  1201.52540","   983.90316","   329.43598","  3246.43943","  2617.92233","  2329.45899","    98.81158","    70.86111","    48.55211","   281.92823","   542.46837","   112.82358","  7146.49345"," 20222.20208","  3287.33943","   403.70123","   284.13144","   155.92296","  1442.23053","  1171.40327","   412.99083"," 12400.90491","  3176.23058",NA,"    67.37542","    69.06855","    83.44449","   347.18271","   270.57180","   282.57018","  1121.48122","   821.98350","   220.71467","  3453.34055","  1707.22875","  1068.57944","145294.76138"," 20277.56576","  4657.48411","413111.28717","428208.55508"," 59770.94545"
"NP_G_IQR","   195.00","   126.75","   169.25","   736.00","   415.00","   399.00","  1348.00","  1018.00","     0.00","   594.50","   406.00","   224.00","  1336.25","  1169.00","   273.00","  3050.75","  2499.00","  2887.00","   111.00","    85.00","    76.75","   239.00","   259.00","   134.50","  2954.50"," 19813.00","  2324.50","   397.00","   303.00","   159.75","  1100.50","   625.00","   456.00","  3187.75","  1627.50","     0.00","    96.00","    95.75","   102.00","   371.00","   222.00","   188.50","   921.50","   956.50","   356.00","  3192.50","  2224.00","  1226.00","  8878.50","  7828.00","  5012.00","282831.00"," 80151.00"," 56437.00"
"MPA_G_Min","4.725490e-03","1.173792e-02","8.480914e-03","1.109083e-02","1.110450e-02","1.346667e-02","0.000000e+00","4.728784e-03","1.543613e-01","1.685714e-03","2.578232e-03","1.944586e-03","3.576563e-03","3.553822e-03","2.605903e-03","7.187148e-03","8.625687e-03","1.778868e-02","3.257425e-02","3.244609e-02","2.989931e-02","2.336549e-02","3.595046e-02","4.165273e-02","7.465979e-02","6.087648e-02","2.849154e-01","1.204876e-02","1.592476e-02","1.130412e-02","1.472053e-02","1.300598e-02","2.601543e-02","2.321237e-02","1.828281e-01","9.105620e-02","1.801408e-02","7.772144e-04","2.701952e-02","4.889337e-02","4.263956e-03","6.990872e-02","4.185585e-04","1.140063e-01","6.801180e-02","7.066272e-04","5.677414e-04","7.477987e-04","0.000000e+00","1.871683e-05","5.977895e-04","0.000000e+00","0.000000e+00","0.000000e+00"
"MPA_G_Max"," 0.158978624"," 0.037293269"," 0.061756686"," 0.332425089"," 0.222427720"," 0.075210010"," 2.330070126"," 2.507615457"," 0.154361297"," 0.104003359"," 0.048922138"," 0.021825853"," 0.120113356"," 0.206803693"," 0.060856718"," 0.311023340"," 0.160153917"," 0.111857848"," 6.894121602"," 6.248956798","16.579890341","14.835191228"," 1.260695578"," 0.254971759"," 1.063830077"," 1.195878356"," 0.546047831"," 0.283834713"," 0.188013322"," 0.145980732"," 0.535582941"," 0.318686697"," 0.228437090"," 1.947418841"," 1.405425183"," 0.091056205"," 0.216207264"," 0.334358617"," 0.080028168"," 1.379682229"," 1.769339644"," 0.530917671"," 8.990950191"," 8.786007258"," 0.258048587"," 0.013306445"," 0.004583787"," 0.003925036"," 0.019531422"," 0.028320740"," 0.019303745"," 0.009518997"," 0.112411381"," 0.125246694"
"MPA_G_Mean","0.025445482","0.023288990","0.025694523","0.053321238","0.051898504","0.039508369","0.396333054","0.642411697","0.154361297","0.007343367","0.010632692","0.008892363","0.022035691","0.023737784","0.021255955","0.050031106","0.045466005","0.041050512","0.210424644","0.610982705","0.951584559","0.266612863","0.180421154","0.125662087","0.495376334","0.322998825","0.415481612","0.052648954","0.045074660","0.035450111","0.090685668","0.069757006","0.068021974","0.494265622","0.531904378","0.091056205","0.064833739","0.069504489","0.055704631","0.242315991","0.196975311","0.187083918","1.224330274","1.723479663","0.160995187","0.001866652","0.001535590","0.001592826","0.001723204","0.002078311","0.002824691","0.001962617","0.012356528","0.022299277"
"MPA_G_Median","0.0203512473","0.0222573708","0.0247959952","0.0411083438","0.0423734863","0.0353921517","0.2679070548","0.3978442749","0.1543612974","0.0049689779","0.0063620260","0.0071285788","0.0181675051","0.0201645380","0.0128037550","0.0393690008","0.0381485960","0.0304462563","0.1044208144","0.1494995212","0.1450638938","0.1288398301","0.1138543841","0.1115906014","0.4600010573","0.2211882696","0.4154816116","0.0354914634","0.0334622809","0.0280573727","0.0619835960","0.0521967109","0.0531055143","0.4114043244","0.3767666540","0.0910562048","0.0516019191","0.0572375476","0.0577808902","0.1875943840","0.1288719488","0.1152141539","0.8503353231","1.0532027752","0.1467824255","0.0014756790","0.0014331451","0.0014823255","0.0013984773","0.0015933034","0.0014425599","0.0008310245","0.0041397717","0.0061638166"
"MPA_G_SD","0.0194076441","0.0065870806","0.0131232853","0.0427252680","0.0353345398","0.0229685625","0.3861360934","0.6537975882",NA,"0.0092745180","0.0122906905","0.0062007384","0.0162562348","0.0191722313","0.0178533098","0.0415559219","0.0306493015","0.0288032045","0.4890053730","1.3482018408","2.7599287090","0.8827749271","0.1865140289","0.0586974292","0.2652883263","0.3006487368","0.1846485188","0.0466730348","0.0331368052","0.0227185697","0.0861444685","0.0501836066","0.0454135989","0.4158192769","0.3793239859",NA,"0.0406690800","0.0466043005","0.0156870656","0.1975443883","0.2121874746","0.1688025642","1.2332355545","1.8136291928","0.0673784957","0.0013782051","0.0006591372","0.0007353483","0.0017479785","0.0024107669","0.0036463266","0.0021430163","0.0252325188","0.0403621605"
"MPA_G_IQR","0.0098023207","0.0088147497","0.0102109337","0.0378245105","0.0283444697","0.0375475004","0.4437297237","0.8134949376","0.0000000000","0.0047908694","0.0054612704","0.0072398725","0.0224058692","0.0204568502","0.0295621212","0.0322863369","0.0285757855","0.0345856858","0.1273099510","0.2490652333","0.2506517288","0.1477425580","0.1279724900","0.0864489193","0.4455467552","0.2156505741","0.1305662198","0.0402958683","0.0314013118","0.0242688714","0.0639533978","0.0446203207","0.0402603765","0.4142133473","0.3532643553","0.0000000000","0.0271789413","0.0363075209","0.0120002805","0.1760098783","0.1411802818","0.1381846490","1.0540450238","1.8065410254","0.0671640598","0.0011962152","0.0006851496","0.0006152648","0.0009186225","0.0013201033","0.0024140733","0.0031559115","0.0061773110","0.0120796832"
"CV_G_Min"," 103.53549"," 137.14902"," 149.27416"," 123.55817"," 113.27050","  98.82402","   0.00000"," 127.45037"," 832.20412","  63.84327"," 136.34445"," 118.89157"," 135.34562"," 141.39336"," 152.17590"," 195.41277"," 239.43101"," 450.64506","   0.00000","  88.87696","   0.00000","  71.47495","  97.46592"," 139.56415"," 334.11081"," 381.71744","1420.57751"," 100.58760"," 112.43894","  86.88215"," 112.90945"," 124.22878"," 161.80240"," 332.65107"," 381.94310","5775.86825"," 127.18193","  79.98097"," 155.08656"," 188.04478"," 158.97236"," 268.26449","  70.15786"," 340.68019"," 298.19697"," 147.86299"," 139.02496"," 144.31630","   0.00000","  48.51248"," 236.76784","   0.00000","   0.00000","   0.00000"
"CV_G_Max"," 1067.3153","  645.2488","  860.3614"," 1781.5872"," 1639.7489"," 1222.6192"," 1675.8682"," 2262.3047","  832.2041","  966.9049"," 1115.2110","  704.7803"," 3450.5051"," 2865.5501"," 2261.9782"," 5581.5497"," 3663.1999"," 1614.9852"," 1290.8151","  884.5462","  801.8157"," 2318.7991"," 4982.8378","  870.8234"," 4893.7863"," 3555.3383"," 2749.1173"," 1829.5448"," 1666.9511","  825.4310"," 3996.4489"," 2243.8405"," 1277.8086"," 5317.8783"," 4356.0109"," 5775.8682"," 1092.9229"," 1046.7762","  449.8705"," 1794.4214"," 2387.2986"," 1029.1189"," 3364.4382"," 2789.0591"," 1358.4144"," 4057.4597"," 2755.4550"," 1177.7724"," 7087.3042","10669.5121"," 9442.3258","13036.0612","13322.4752","10233.0114"
"CV_G_Mean"," 289.4043"," 273.5084"," 275.2971"," 517.3131"," 452.8685"," 419.0732"," 905.8608"," 903.2506"," 832.2041"," 318.4689"," 358.1614"," 305.8260"," 508.0378"," 545.9148"," 540.6054"," 936.7822"," 968.0121"," 881.8234"," 323.5925"," 263.7978"," 244.2625"," 505.9786"," 484.9629"," 341.9369","1895.1077","1758.1324","2084.8474"," 400.1242"," 329.5009"," 238.7416"," 653.6077"," 576.6438"," 421.7749","2099.2011","1853.7275","5775.8682"," 327.6415"," 349.2739"," 307.6064"," 664.9597"," 547.8290"," 533.7075","1266.1449","1348.1875"," 713.0434"," 903.6475"," 641.1947"," 457.5656","1131.4797","1641.1124","2231.6838","2939.1579","4437.1736","3677.2318"
"CV_G_Median"," 236.6706"," 252.3122"," 238.7909"," 466.1668"," 376.9387"," 310.8087"," 909.9835"," 925.3059"," 832.2041"," 245.7391"," 296.9058"," 267.5133"," 370.6406"," 449.1412"," 461.7246"," 816.4877"," 866.3903"," 760.9926"," 275.0282"," 221.2686"," 217.9985"," 391.2708"," 372.7519"," 285.9455","1818.8021","1276.7985","2084.8474"," 284.5858"," 232.8142"," 201.5786"," 492.7203"," 454.5339"," 316.5569","1728.3888","1454.1702","5775.8682"," 274.6626"," 297.0308"," 302.4949"," 593.0666"," 446.3033"," 544.0824","1204.2757","1273.9894"," 656.8548"," 551.6064"," 360.4958"," 391.7112"," 719.1406","1173.1795","1289.1036","2150.5560","3482.3754","2078.1186"
"CV_G_SD"," 176.0931"," 113.2790"," 160.4056"," 268.2946"," 262.3546"," 324.6986"," 328.6481"," 359.6698",NA," 176.5219"," 256.0782"," 154.5764"," 384.5368"," 368.0509"," 487.7084"," 649.6947"," 511.6594"," 410.3537"," 183.3061"," 149.1956"," 139.0395"," 360.6550"," 451.7253"," 194.3634","1019.5667","1069.4759"," 939.4195"," 350.6595"," 292.5017"," 123.6859"," 555.7021"," 423.1931"," 266.3900","1333.4501","1199.0821",NA," 163.1695"," 172.3073"," 100.7932"," 315.2751"," 325.0393"," 269.7102"," 551.7881"," 550.9408"," 392.1534"," 859.6328"," 592.5071"," 278.5944","1211.5299","1699.5690","2298.7391","2994.7934","3727.9020","3457.7381"
"CV_G_IQR"," 167.6443"," 138.6839"," 117.4807"," 261.9364"," 321.4393"," 258.8692"," 416.5693"," 338.7509","   0.0000"," 116.0209"," 131.3878"," 159.7139"," 362.6586"," 390.1646"," 399.1717"," 511.6270"," 487.9413"," 513.6847"," 187.4094"," 171.8915"," 145.4469"," 325.1998"," 366.5734"," 191.7912","1317.4430","1822.7055"," 664.2699"," 300.5180"," 170.8481"," 155.8194"," 539.8874"," 508.7665"," 187.4337","1218.8257"," 930.1684","   0.0000"," 152.2266"," 183.7955"," 114.5015"," 454.7144"," 399.5975"," 322.3198"," 621.4206"," 678.9509"," 451.2078"," 920.4214"," 724.5679"," 174.0906","1079.4871","1784.8488","2962.2208","4629.5662","5832.7644","4530.8513"
"PAratio_G_Min"," 6530.7910"," 6945.3242"," 6970.3401"," 5456.9793"," 5843.1347"," 6726.1755","    0.0000"," 6474.9311","10577.8750","10587.1870","11944.3915","12172.6173","10078.0161"," 9269.6035"," 8675.5981"," 9861.4060"," 8709.9272","10107.8650"," 1465.8056"," 3344.0822","  622.1741"," 2918.3207"," 3342.8706"," 3636.2921"," 4040.2052"," 4484.5985"," 5047.1280"," 4352.3753"," 4242.9310"," 4330.0674"," 4154.1962"," 4303.1172"," 4013.6948"," 4602.5071"," 5099.8248"," 4986.3589"," 6181.3241"," 6320.5557"," 7060.9682"," 5348.2607"," 5706.4790"," 6608.1962"," 5052.0298"," 5483.5037"," 6371.3719","24509.1370","23772.7425","25252.5047","    0.0000","20546.5210","26164.8817","    0.0000","    0.0000","    0.0000"
"PAratio_G_Max","  12625.178","   9645.586","   8580.954","  21264.699","  18170.639","  11787.248","  18439.041","  24295.880","  10577.875","  24729.975","  25509.605","  24977.626","  24455.427","  24718.218","  22024.564","  23655.365","  23707.195","  23691.353","  10454.185","  50160.293","  10776.328","  12160.667","  11020.630","   5318.192","   7422.167","   6059.469","   5147.635","   6955.189","   6185.156","   6006.785","   7037.065","   7092.690","   6298.565","  10002.903","   9882.775","   4986.359","  19244.041","  44716.387","   9663.713","  21914.040","  93522.204","  10521.285"," 103416.919","  28963.175","  11049.740","  35025.176","  31840.276","  30206.443"," 222718.442"," 236527.606","  33710.103","4353409.048"," 243753.089"," 119604.455"
"PAratio_G_Mean","  8276.950","  8162.487","  7818.227","  9852.373","  8772.314","  8235.158","  9139.712","  9676.279"," 10577.875"," 20192.286"," 18139.303"," 17392.160"," 15779.647"," 15077.046"," 15272.793"," 13270.463"," 13500.046"," 14148.662","  4294.766","  5365.336","  4273.248","  4823.475","  4577.753","  4330.417","  4819.975","  4952.422","  5097.381","  5268.504","  5166.571","  5249.304","  5220.142","  5170.437","  4997.306","  6216.812","  6088.053","  4986.359","  8527.080","  8821.553","  7863.783","  7602.873","  7871.143","  7625.515","  9159.762","  8580.474","  7736.022"," 28743.729"," 28408.510"," 28323.797"," 31937.386"," 31730.684"," 30222.775","140217.176"," 40575.600"," 35207.609"
"PAratio_G_Median"," 8095.149"," 8168.718"," 7935.476"," 9862.225"," 7991.124"," 7552.799"," 9504.086"," 9695.796","10577.875","22296.397","17685.041","15301.878","13360.191","13159.000","13639.583","12558.180","12321.266","12570.910"," 4105.852"," 4165.065"," 4203.656"," 4555.006"," 4432.785"," 4376.440"," 4764.643"," 4816.627"," 5097.381"," 5211.937"," 5165.248"," 5244.236"," 5195.252"," 5138.688"," 4905.966"," 5831.928"," 5366.509"," 4986.359"," 8164.864"," 7945.772"," 7499.442"," 7016.600"," 6995.126"," 7144.054"," 7625.338"," 7505.984"," 6692.462","29491.102","28770.929","28660.799","30039.104","30001.921","30661.765","31015.300","30556.920","32323.453"
"PAratio_G_SD","   925.14472","   727.96373","   472.34145","  2816.06880","  2462.20303","  1691.36570","  2303.92320","  3086.78346",NA,"  4263.35104","  4515.65164","  4373.02228","  4438.69348","  4370.44993","  4219.62273","  2619.15511","  3407.76829","  4573.06945","   999.03215","  6831.61208","  1289.38916","  1118.45375","   876.84588","   433.54584","   497.29021","   480.95908","    71.06893","   445.80145","   353.49175","   323.08711","   502.08916","   375.15478","   436.39702","  1187.27713","  1582.52744",NA,"  1587.91792","  4507.68578","   873.29963","  2250.15479","  5706.59759","  1335.69991","  8064.58755","  3640.73802","  1954.97655","  1941.26025","  2151.77692","  1314.45022"," 22143.44101"," 19297.11015","  1797.61773","637686.44425"," 47599.65876"," 34205.68432"
"PAratio_G_IQR"," 838.85310","1136.75588"," 704.37724","4340.36880","2043.57488","1766.53731","3094.67634","3217.61811","   0.00000","8268.95412","8247.20279","7693.70598","8845.80996","7444.88182","7117.77564","2076.24264","2166.04138","3073.26770"," 632.67733"," 525.04016"," 697.34669"," 882.27011"," 717.78168"," 604.55376"," 439.81737"," 479.72826","  50.25332"," 548.82049"," 488.31351"," 402.15235"," 515.94262"," 444.62892"," 532.35978","1041.63085"," 725.53971","   0.00000","1530.16799","1201.47543"," 925.56806","1219.19065","1043.75272"," 707.05876","2458.16746","2599.70545","2170.71769","2970.29081","3873.75249","1421.54545","2393.50162","2167.26538","2255.84631","2549.54865","3290.58579","2648.77924"
"Median_Household_Income_Min","32917","25588","14044","41815","29312","25486","49138","34231","22969","31042","21161","15268","43167","31864","14286","47895","33438","26818","32014","18276"," 9879","    0","    0","19013","51080","28833","18047","31042","13438"," 8958","44125","29566","16295","55509","41250","31500","37125","19583","15365","52500","36164","27308","51855","34306","31094","37128","19362","15179","47316","28875","21855","42273","    0","13594"
"Median_Household_Income_Max"," 95646"," 40391"," 34212","170428"," 76495"," 37246","200000"," 58565"," 22969","129359"," 40913"," 33269","200001"," 77241"," 37857","147161"," 56833"," 41719","143621"," 40395"," 36190","200001"," 74464"," 38819","188581"," 50500"," 26905","121221"," 43000"," 31964","200001"," 80613"," 40558","121924"," 55045"," 31500","175000"," 40673"," 33269","133014"," 79295"," 37944","166907"," 64931"," 43618","109145"," 43942"," 33750","172837"," 91292"," 42670","164531"," 56953"," 35469"
"Median_Household_Income_Mean","46824.09","34415.56","24845.67","77192.06","52308.36","31700.64","73056.22","46767.53","22969.00","58017.27","33797.67","25756.77","81304.78","54162.54","28323.74","77230.14","47552.35","33907.27","57786.08","31978.76","25547.90","86585.52","53914.01","31567.77","95243.88","40943.69","22476.00","55442.68","33298.75","21809.50","84835.82","50361.94","27889.61","73936.08","48054.60","31500.00","60257.82","33902.57","24977.12","87529.79","58011.05","35313.57","73574.74","49486.89","37794.33","55454.21","35058.64","24308.84","84192.65","54923.51","31968.59","85631.45","41442.85","28507.44"
"Median_Household_Income_Median","45417.0","35438.0","26112.5","75081.0","51875.0","32338.0","67153.0","47392.5","22969.0","53750.0","34479.0","27213.0","77221.5","53365.0","27833.0","71049.5","48015.0","34250.0","53250.0","32969.0","25749.0","85000.0","54167.0","32357.0","92982.5","39861.0","22476.0","52047.0","34224.0","21979.0","80128.0","49998.0","27950.0","67228.5","47278.0","31500.0","51786.0","34641.0","26456.5","86284.5","58393.0","36678.0","70263.0","50372.0","38700.5","52321.0","35057.0","24213.0","80871.0","54629.0","32044.5","79014.0","44023.0","31311.0"
"Median_Household_Income_SD"," 9630.585"," 3904.128"," 5550.302","19841.222","10269.655"," 3774.286","21037.159"," 5537.532",NA,"17194.717"," 4074.885"," 4805.500","24988.980","10718.751"," 6182.402","19695.123"," 5176.183"," 4423.910","17015.180"," 5585.723"," 5759.329","22766.972","11205.829"," 5538.208","30849.800"," 6338.212"," 6263.552","15630.080"," 5035.851"," 5570.627","26270.120","10890.185"," 5482.939","15907.349"," 4938.332",NA,"20849.018"," 4433.325"," 5909.916","15673.476","10134.644"," 3665.296","15729.856"," 5743.472"," 4652.112","12915.700"," 4824.586"," 5274.715","20020.993","11697.596"," 4821.753","28308.887","10551.558"," 7020.667"
"Median_Household_Income_IQR"," 9267.00"," 3259.25"," 6339.50","24335.00","16038.00"," 4795.50","20100.00"," 7280.75","    0.00","21926.50"," 4888.00"," 7103.25","29027.75","17836.50"," 7219.50","26140.50"," 6438.50"," 5667.50","18388.50"," 6944.00"," 6671.25","27510.00","16733.00"," 4713.75","34073.75","10385.00"," 4429.00","16656.00"," 5678.00"," 8707.25","22568.50","17243.00"," 6646.00","19552.75"," 8070.50","    0.00","23188.00"," 6062.75"," 3715.00","20350.50","15902.00"," 1803.50","18000.00"," 6844.50"," 5796.50","15342.50"," 7833.00"," 8335.00","16025.50","17166.50"," 7345.00","35128.50","12269.00"," 4930.00"
"P_White_Min"," 0.5208333"," 0.9722222"," 0.0000000","24.1507103"," 1.9207683"," 2.9057406","73.2210526","34.7416315","47.5128645"," 3.5573123"," 2.5354970"," 4.6822742","49.1329480","45.6916996","28.0581694","80.3703704","68.1770285","87.0801034"," 1.9354839"," 2.4159664"," 9.7014925"," 0.0000000"," 0.0000000","25.3942360","66.2601626","51.5294118","50.2318393"," 0.5067568"," 0.3968254"," 0.0000000","12.3705722"," 1.5923567"," 0.7639419","65.4212454","53.3448674","89.9449036","19.9772985"," 7.2805139"," 9.0909091","68.8338493","61.1500701","76.3029316","77.5671406","87.4939875","81.2580231","44.4543828","33.9217191","16.7984190","77.0207081"," 7.0606293","20.6389088","44.6808511","48.5797101","35.5234657"
"P_White_Max"," 98.79518"," 97.53521"," 96.59983"," 99.35185"," 99.35949"," 96.97909"," 99.84177"," 99.42661"," 47.51286"," 99.58506"," 93.36779"," 98.55072"," 99.66063"," 99.83660"," 99.29279"," 99.85622"," 99.83416"," 99.08676"," 95.28736"," 78.13239"," 55.52187"," 98.26642"," 94.50056"," 83.82812"," 96.75573"," 94.13043"," 85.91065"," 99.46761"," 96.62488"," 97.64580"," 99.19094"," 99.50638"," 99.53092"," 98.72865"," 98.49188"," 89.94490"," 98.01418"," 95.05582"," 83.25243"," 99.41263"," 99.05660"," 96.96734"," 99.65076"," 99.76985"," 99.24925"," 99.39467"," 91.93729"," 87.57962"," 98.85189","100.00000"," 99.82609"," 98.75250"," 99.30427"," 97.05882"
"P_White_Mean","57.84986","39.53726","30.61675","85.49755","78.89951","52.55377","94.19978","91.19605","47.51286","78.57572","44.18013","53.70269","93.26800","92.11943","66.34054","97.16189","97.14326","95.36851","60.74685","32.71582","30.97007","76.92936","67.51141","53.12630","87.18872","72.84085","68.07125","80.38318","57.93737","43.02698","90.05281","81.62722","63.15653","92.97140","86.37081","89.94490","88.45223","60.10280","49.33027","94.45509","92.10115","87.44331","97.64133","97.97012","94.06435","82.55946","68.45999","62.81199","91.61636","87.84177","81.21020","92.20502","82.81476","69.77084"
"P_White_Median","67.79412","36.12747","23.00661","89.25668","89.07658","49.08451","96.33472","96.33135","47.51286","85.39519","46.25850","60.37188","95.98242","95.34884","62.74643","97.92824","98.10496","96.20000","61.60389","26.25656","29.79946","82.47779","74.06653","50.27013","89.62527","71.27352","68.07125","89.43466","70.49706","35.71064","92.83697","89.43794","74.52340","93.73674","91.17943","89.94490","92.84232","61.99308","56.85602","95.45622","93.80388","90.49394","98.36066","98.61111","96.51934","86.83188","70.79646","63.55932","92.45810","91.11192","91.61777","95.85043","83.33333","70.41801"
"P_White_SD","31.096365","32.179836","30.404701","12.503773","23.110062","38.766901"," 5.600209","12.883613",NA,"21.958115","29.724177","29.312483"," 8.002555"," 8.374157","24.692389"," 2.358466"," 3.899560"," 3.715659","21.550095","18.696368","12.369184","17.943357","20.774241","15.871759"," 7.174503","11.844737","25.228731","24.689983","34.205151","37.799985","11.790568","21.204647","32.928718"," 5.958524","14.717731",NA,"13.039296","22.754771","29.581823"," 4.154807"," 5.899141"," 7.219203"," 2.471480"," 2.010065"," 6.733536","12.866630","13.417919","16.411349"," 4.386036","12.182373","23.486859"," 8.453255","13.548932","18.665053"
"P_White_IQR","49.602029","59.387468","53.858880","16.380920","22.893437","75.166601"," 5.571484"," 8.702450"," 0.000000","17.406035","49.129796","46.135245"," 5.678419"," 7.177967","44.011594"," 2.208230"," 1.679209"," 3.654622","34.075330","29.815498","13.740465","17.161570","27.476517","17.924327"," 8.445804","12.550912","17.839407","14.271948","65.886495","81.736551"," 6.984761","15.801063","47.695588"," 6.352349"," 5.489793"," 0.000000"," 8.934010","34.607573","51.623258"," 3.894364"," 5.488059"," 9.016075"," 1.431510"," 1.050989"," 4.997539"," 9.736574","18.248977","20.435234"," 5.889768"," 8.529674","27.454820"," 7.230891","22.059074","16.597573"
"Percent_Hispanic_Min"," 0.00000000"," 0.10869565"," 0.07501875"," 0.32851511"," 0.15873016"," 0.27124774"," 0.00000000"," 0.10162602"," 1.01351351"," 0.49170252"," 1.91846523"," 1.27298444"," 0.13860014"," 0.00000000"," 0.27932961"," 0.00000000"," 0.00000000"," 0.71197411"," 1.91740413","10.38421599","34.81046450"," 0.00000000"," 0.00000000"," 5.76171875"," 2.71838729"," 8.19327731"," 9.80066445"," 0.41666667"," 1.00294985"," 0.00000000"," 1.66468490"," 0.37021802"," 0.98610489"," 1.95613515"," 5.22988506","75.92468056"," 0.00000000"," 1.10803324"," 3.05882353"," 0.00000000"," 0.16611296"," 0.92449923"," 0.00000000"," 0.00000000"," 0.00000000"," 2.84974093"," 8.48670757","14.61538462"," 1.60550459"," 0.00000000"," 0.25273799"," 0.69513406"," 0.00000000"," 4.81283422"
"Percent_Hispanic_Max","16.139497"," 3.684211"," 6.895345"," 8.011244","15.069377"," 2.999400"," 3.288201"," 2.803738"," 1.013514","38.095238","62.162162","74.903475","21.095666","37.302326","80.412371","10.618679","15.450497"," 2.733119","95.147059","95.472441","98.657718","97.219003","81.285381","84.244127","33.941931","49.546828","64.575646","92.257122","94.534489","96.657061","78.516624","88.029021","68.374700","70.098425","62.409514","75.924681","39.158280","32.227488","49.800114"," 6.463196","11.326531"," 9.350394"," 5.454545","26.748006"," 4.845361","68.969359","92.728298","88.922842","20.346467","81.858626","82.415776","69.148936","86.630435","86.610289"
"Percent_Hispanic_Mean"," 1.864808"," 1.402723"," 1.995451"," 2.037377"," 1.863280"," 1.863887"," 1.008589"," 1.031050"," 1.013514"," 6.594406","16.224195","23.733507"," 1.699880"," 3.199718","21.450632"," 1.047603"," 1.230425"," 1.393167","35.568751","59.147736","78.124759","13.237584","27.287706","48.913790"," 9.935813","30.650882","37.188155","32.030907","32.944140","39.221900","19.014752","24.813278","20.861977","10.498483","29.107105","75.924681"," 3.694986"," 9.384758","13.773811"," 1.377363"," 2.079462"," 4.774725"," 1.091346"," 1.594327"," 2.397001","20.429275","44.576994","54.637407"," 7.429160","13.339143","23.038007"," 9.422930","25.469903","48.879312"
"Percent_Hispanic_Median"," 1.5130674"," 0.9938038"," 1.6997187"," 1.7564403"," 1.4925373"," 2.2747953"," 0.9345794"," 0.8612218"," 1.0135135"," 4.2640646","10.7556161","16.6508873"," 1.1234123"," 1.6930023","12.5770654"," 0.9017401"," 0.7698229"," 1.1934361","28.7023977","61.4086574","80.4989579"," 9.6471648","21.8226906","49.0642483"," 9.3006139","31.9672131","37.1881551","18.3363148","21.0596616","18.8189026","11.8306351","14.5720943","13.0301482"," 6.6829931","30.9411030","75.9246806"," 2.3329799"," 7.4491106"," 8.1583547"," 1.2012722"," 1.6614746"," 4.7210300"," 0.9242144"," 0.9759760"," 2.4575199","14.1055046","40.1285047","52.7631579"," 7.1225071"," 9.5487654"," 8.3394774"," 4.7723935","20.9289312","48.3751161"
"Percent_Hispanic_SD"," 2.0042801"," 1.0425789"," 1.9581021"," 1.2621751"," 1.6596091"," 0.9345117"," 0.6137681"," 0.6658427",NA," 6.9111361","16.2192449","21.1660926"," 2.1792866"," 4.5374348","21.9108789"," 0.9116837"," 1.8453774"," 0.5791990","26.3705214","24.9585212","18.4288924","12.2818731","18.3706756","23.2525231"," 5.6119330","11.6569898","38.7317607","29.3541569","29.2320720","38.0449802","15.9886324","22.8077357","19.5701533","12.3910770","18.3690908",NA," 4.9472154"," 7.3085999","15.1956296"," 0.9207739"," 1.6548382"," 3.4319323"," 0.7330703"," 3.1901377"," 2.0925790","16.0895808","21.7275352","22.8428172"," 3.5451850","13.5769202","26.9423945","11.4665817","22.9829030","25.8350737"
"Percent_Hispanic_IQR"," 1.4235792"," 1.5577046"," 2.4032666"," 1.4242361"," 1.1144632"," 1.1830294"," 0.6590220"," 0.6178376"," 0.0000000"," 5.8903841"," 8.7787907","25.4078841"," 1.0924820"," 2.5372955","24.8773103"," 0.6932598"," 0.6934440"," 0.7516230","38.8714216","38.5661016","30.7412284"," 8.0382378","20.6939971","41.4391780"," 7.2976265"," 7.4062743","27.3874907","47.1834109","31.3977842","85.6079179","20.6489811","28.8202887","24.4209521"," 6.5346182","23.3914246"," 0.0000000"," 2.2113430"," 8.9601642"," 8.9785575"," 0.6756932"," 1.4784684"," 5.2933466"," 0.6676216"," 0.7921900"," 3.4647813","12.1467208","36.0636766","31.4641857"," 4.4972532"," 8.1025091","44.8548033","12.4580056","38.4720959","29.9282648"
"Percent_Own_House_Min"," 5.338809","15.189873"," 3.094607","25.210970"," 5.139186","17.458280","61.783439","54.527559","87.068966","14.369847","11.285501"," 9.010989","20.134228","16.587678","12.710765","54.398148","27.218935","25.054705","13.672922","22.990354"," 5.595524"," 0.000000"," 0.000000","18.092105","15.523933","56.410256","35.185185","42.478463","27.695167"," 1.776650","51.636364","13.267430","23.291492","72.682927","71.343284","73.537604","25.603865","14.177489"," 8.292683","65.322010","12.589074","22.713415","59.363958","46.703297","27.638191","23.809524"," 9.752066","16.573034","32.930514","18.693829"," 8.896797","38.461538","33.333333","32.142857"
"Percent_Own_House_Max"," 94.73684"," 93.65672"," 64.00000"," 99.34102"," 99.15966"," 84.09506"," 98.17906"," 94.97908"," 87.06897"," 97.47899"," 74.13509"," 68.23105"," 99.22780"," 97.99197"," 53.08642"," 99.06868"," 95.29915"," 88.91547"," 96.46643"," 86.21795"," 79.93730","100.00000"," 94.64286"," 79.23913"," 98.44789"," 84.33735"," 84.93590"," 98.22485"," 93.60902"," 92.33759"," 99.33993"," 98.80885"," 95.96317"," 98.27772"," 96.30542"," 73.53760"," 99.32660"," 94.11765"," 75.00000","100.00000"," 99.67213"," 55.31496","100.00000"," 98.58824"," 61.81818"," 97.64706"," 91.98473"," 86.54434","100.00000","100.00000"," 98.22064","100.00000"," 97.73707"," 79.30233"
"Percent_Own_House_Mean","71.95509","60.26639","41.89735","86.10456","74.64101","47.04846","88.69426","81.03236","87.06897","50.95130","37.99439","28.11917","81.30233","69.48499","33.11848","88.13489","72.65468","49.87927","69.10617","48.34250","28.07364","85.32729","74.13477","50.79772","83.47040","74.64569","60.06054","81.27149","63.63503","41.23140","90.69928","80.22056","64.75024","91.98697","85.92007","73.53760","78.27741","56.23537","32.67041","94.56632","80.20168","43.97909","94.32464","84.71925","47.36943","81.79844","60.55935","34.64998","91.26884","81.55815","69.22691","91.92374","82.60481","56.97005"
"Percent_Own_House_Median","76.37795","61.28576","47.87291","90.82031","79.64237","39.72940","90.87780","82.69752","87.06897","47.24442","36.87003","26.49754","84.93580","71.50917","31.37255","91.13019","77.05696","45.87302","72.72727","46.28821","27.91652","90.20343","78.80795","46.84691","88.02765","77.18631","60.06054","84.91736","63.21429","37.43168","93.77682","84.53008","69.08316","95.15622","87.54635","73.53760","83.89831","56.42307","31.52492","97.95920","87.51210","46.00326","96.48649","90.31477","51.84832","86.26263","58.93958","29.92000","94.95614","88.17405","76.70608","95.71429","86.29149","52.10450"
"Percent_Own_House_SD","16.606557","15.601460","17.742026","12.970562","19.654692","22.518321"," 7.230404"," 8.679925",NA,"18.323297","14.003756","12.860085","15.462586","19.760201","12.648716"," 8.829858","15.745241","16.533751","18.503478","12.031908","12.251885","13.660487","16.457020","19.088248","14.106584"," 7.428316","35.179066","13.568618","17.477064","19.980923"," 8.823424","14.630045","21.492260"," 6.641205"," 7.616427",NA,"16.439152","18.495189","22.570668"," 7.422679","19.271111","10.547387"," 5.835493","12.819678","12.936020","13.584976","19.309609","17.941161"," 9.953283","16.897501","24.990483"," 9.931338","16.183427","18.208291"
"Percent_Own_House_IQR","21.255893","18.196721","23.913662","12.281669","27.698895","27.334412"," 7.325947","12.815605"," 0.000000","27.243858","12.822577","12.551663","21.676840","32.396065","22.012969","11.868677","24.362634","14.172177","28.411219","14.659011","10.908807","12.348126","20.097167","29.408296","14.605189"," 8.736385","24.875356","18.652400","28.917868","28.091992"," 8.859784","21.520713","29.962146"," 8.580594"," 5.769724"," 0.000000","20.279720","26.617762","32.483489"," 5.681464","29.167289"," 7.911996"," 4.893908","17.420005","15.473459","14.204352","29.297636"," 6.868413"," 7.789067","16.499027","34.696857"," 8.813144","12.160494","28.040894"
"Housing_Age_Min","13","32","32"," 4"," 4","20"," 3","13","41","29","28","37","13","10","25"," 6","15","19","18","20","22"," 0"," 0","14"," 3","12","23"," 5","13","16"," 1"," 1","10"," 1"," 8","17","33","18","28"," 2"," 3","15"," 1"," 4","18"," 1"," 1","18"," 1"," 1"," 7"," 1"," 0"," 9"
"Housing_Age_Max","61","61","61","61","61","61","53","61","41","61","61","61","61","61","61","61","61","61","61","57","58","61","61","54","38","42","31","59","55","50","46","61","47","21","22","17","61","61","61","59","61","40","61","54","61","58","61","46","43","45","42","29","44","43"
"Housing_Age_Mean","50.76404","49.37500","47.00000","24.08451","35.47090","38.54545","25.01183","32.75000","41.00000","57.20430","53.09524","54.40909","47.90511","46.12157","49.05263","31.59659","32.87342","42.27273","42.90135","42.44898","40.70000","29.57447","34.58454","34.95455","20.93939","22.23077","27.00000","30.12030","34.89041","37.00000","19.05882","23.24797","26.75758","11.39474","15.30000","17.00000","58.31953","55.60976","42.25000","19.60714","31.26070","29.85714","17.61749","25.84000","29.16667","26.54198","33.28395","32.36842","12.86755","16.55508","22.78125"," 8.00000","15.15152","24.11111"
"Housing_Age_Median","51.0","48.0","44.5","23.0","39.0","35.0","23.0","31.0","41.0","61.0","58.0","59.5","49.0","45.0","57.0","32.0","30.0","43.0","44.0","44.0","40.5","29.0","36.0","39.0","20.5","19.0","27.0","32.0","36.0","37.0","16.0","23.0","26.0","12.5","15.0","17.0","61.0","61.0","41.5","16.0","32.0","31.0","18.0","25.0","24.5","25.0","33.0","31.0","12.0","15.0","22.0"," 5.0","15.0","26.0"
"Housing_Age_SD"," 8.860051"," 8.087226"," 9.362001","12.915268","14.506985","13.018169"," 9.565556","12.679286",NA," 7.262728","10.643800"," 8.829923","12.813616","13.103349","13.870327","11.687932","11.583993","17.181914"," 8.505915"," 9.124284"," 7.579324","14.454519","13.876758","12.919079"," 9.210160"," 7.928365"," 5.656854","12.500932"," 9.736189"," 6.249706","12.014323","12.655865"," 8.452183"," 5.744748"," 3.683296",NA," 5.957561"," 9.837891","10.443727","12.281879","13.836875"," 8.091736"," 8.372254","10.597093","16.117279","12.717196","10.140555"," 8.104940"," 8.732831","10.464994"," 6.917646"," 7.857425","10.718329","11.962906"
"Housing_Age_IQR","12.00","12.00","11.75","15.00","23.00","19.50","10.00","20.50"," 0.00"," 4.00","11.00","11.50","23.00","24.50","26.50","15.00","15.00","34.50","11.00","13.00"," 7.25","21.50","19.00","20.50","13.75","10.00"," 4.00","22.00","12.00"," 8.25","17.00","19.00"," 8.00"," 7.75"," 2.25"," 0.00"," 0.00"," 8.50","11.00","19.00","24.00"," 6.50","12.00","12.50"," 8.00","19.00","13.00","12.50","12.00","16.00"," 7.25"," 7.00","18.00","13.00"
"Terrain_Roughness_Min","0.171599","0.177678","0.190149","0.175716","0.175720","0.192048","0.159447","0.178487","0.244311","0.176033","0.233154","0.227538","0.204266","0.197596","0.219624","0.199123","0.204681","0.223888","0.164649","0.197680","0.234079","0.139524","0.143712","0.221656","0.128774","0.128718","0.259305","0.252678","0.247308","0.241350","0.239513","0.243415","0.250533","0.258042","0.260537","0.273678","0.219310","0.215727","0.229743","0.209909","0.202803","0.234016","0.210178","0.212896","0.216751","0.230467","0.221283","0.241566","0.176038","0.180137","0.228956","0.151621","0.170675","0.157838"
"Terrain_Roughness_Max","0.282811","0.262756","0.277755","0.287514","0.310944","0.289591","0.316538","0.298137","0.244311","0.305054","0.295698","0.299415","0.290725","0.296956","0.276892","0.275708","0.274115","0.272537","0.315274","0.323554","0.302738","0.299017","0.303261","0.270888","0.275523","0.273269","0.273218","0.304790","0.292529","0.307688","0.296142","0.302860","0.285868","0.283611","0.279454","0.273678","0.285112","0.284969","0.289357","0.267770","0.279330","0.261135","0.258873","0.257250","0.256518","0.308264","0.303508","0.297162","0.295372","0.306825","0.293294","0.269109","0.272079","0.276600"
"Terrain_Roughness_Mean","0.2131009","0.2199370","0.2244449","0.2162599","0.2188423","0.2240015","0.2069862","0.2248111","0.2443110","0.2536561","0.2593466","0.2672154","0.2391599","0.2399885","0.2518873","0.2350550","0.2370697","0.2466788","0.2634415","0.2712717","0.2662350","0.2186671","0.2406084","0.2494228","0.1705985","0.2269108","0.2662615","0.2737685","0.2720257","0.2740729","0.2699876","0.2709598","0.2696115","0.2721414","0.2692461","0.2736780","0.2512560","0.2524430","0.2548873","0.2287519","0.2364216","0.2456619","0.2287197","0.2340306","0.2349822","0.2651148","0.2688126","0.2709969","0.2474006","0.2556074","0.2590773","0.2309558","0.2471941","0.2442341"
"Terrain_Roughness_Median","0.2127340","0.2219960","0.2225920","0.2139240","0.2139320","0.2123420","0.1990090","0.2253730","0.2443110","0.2549250","0.2616390","0.2661155","0.2359435","0.2378840","0.2520830","0.2338300","0.2349100","0.2413290","0.2649270","0.2705860","0.2660875","0.2207830","0.2472080","0.2495065","0.1612035","0.2464370","0.2662615","0.2730940","0.2721150","0.2731425","0.2705580","0.2703630","0.2712030","0.2720825","0.2694720","0.2736780","0.2516420","0.2507270","0.2535190","0.2270845","0.2369260","0.2421620","0.2265430","0.2322420","0.2371285","0.2634490","0.2690580","0.2692630","0.2496620","0.2565595","0.2613995","0.2406470","0.2558750","0.2556530"
"Terrain_Roughness_SD","0.017270368","0.019181744","0.021050304","0.019790189","0.024964046","0.030299247","0.027530998","0.029058625",NA,"0.025750355","0.016506933","0.019914591","0.017187131","0.016476262","0.015698567","0.011977077","0.015137836","0.014471081","0.024073664","0.020829352","0.015728557","0.032000385","0.030230147","0.012047057","0.034505634","0.048417140","0.009837977","0.009623359","0.009203043","0.011972094","0.009825909","0.009643200","0.009780001","0.006113566","0.005078422",NA,"0.013439968","0.015404644","0.018827288","0.009917037","0.012518589","0.010232668","0.009460262","0.010956535","0.014304172","0.014170708","0.014818077","0.011779933","0.020800029","0.017705300","0.013727966","0.027225924","0.022925513","0.036024146"
"Terrain_Roughness_IQR","0.02015700","0.02555150","0.02605100","0.02297700","0.02409700","0.02671300","0.03593200","0.03156475","0.00000000","0.03610250","0.02618300","0.02088650","0.02131050","0.02091300","0.01868850","0.01523150","0.02024400","0.01680550","0.02533200","0.02640700","0.02041050","0.04929750","0.02944100","0.01636350","0.03589925","0.06037200","0.00695650","0.01314700","0.01217600","0.01541825","0.01163050","0.01279700","0.01716800","0.00827675","0.00459575","0.00000000","0.01924700","0.02351525","0.01993750","0.01241475","0.01747300","0.01381500","0.01149850","0.01630150","0.01527100","0.01702900","0.02104400","0.00691650","0.02161000","0.01956450","0.01466850","0.03298400","0.03164900","0.03163900"
